Hjemmelag,Bortelag,Resultat,Tid,Plan,Matchnr,Gruppe,Runde
Oppsal IF Fotball 3,Hafslund IF J8,,lørdag 30/05 09:00,Park & Anlegg Arena 5,30056900,J8 (f 2018) Lørdag Plj E,
"Skade, IL",Oppsal IF Fotball 2,,lørdag 30/05 09:00,Østfold energi arena 26,30055300,J11 (f 2015) Lørdag Plj I,
Nittedal Diamant,Oppsal IF Fotball 1,,lørdag 30/05 09:00,Park & Anlegg Arena 1,30056500,J8 (f 2018) Lørdag Plj C,
Oppsal IF Fotball 1,Oppegård IL 1,,lørdag 30/05 09:40,Park & Anlegg Arena 7,30057102,J8 (f 2018) Lørdag Plj C,
Oppsal IF Fotball 2,Rustad Abildsø Sportsklubb 2,,lørdag 30/05 09:40,Park & Anlegg Arena 1,30056502,J11 (f 2015) Lørdag Plj I,
Nittedal Smaragd,Oppsal IF Fotball 3,,lørdag 30/05 10:00,Park & Anlegg Arena 9,30057303,J8 (f 2018) Lørdag Plj E,
Rygge IL,Oppsal IF Fotball 1,,lørdag 30/05 10:20,Park & Anlegg Arena 9,30057304,J8 (f 2018) Lørdag Plj C,
Oppsal IF Fotball 3,Hvalstad IL Diamanter,,lørdag 30/05 10:40,Park & Anlegg Arena 7,30057105,J8 (f 2018) Lørdag Plj E,
Oppsal IF Fotball 2,"Mandalskameratene, FK 1",,lørdag 30/05 11:00,Park & Anlegg Arena 6,30057006,J11 (f 2015) Lørdag Plj I,
Gresvik IF Blå,Oppsal IF Fotball 1,,lørdag 30/05 11:20,Østfold energi arena 26,30055307,J8 (f 2018) Lørdag Plj C,
Lervik IF,Oppsal IF Fotball 3,,lørdag 30/05 11:40,Østfold energi arena 31,30057507,J8 (f 2018) Lørdag Plj E,
Svelvik IF Sollaget,Oppsal IF Fotball 2,,lørdag 30/05 12:20,Park & Anlegg Arena 1,30056510,J11 (f 2015) Lørdag Plj I,
Hvalstad IL Stjerner,Oppsal IF Fotball 2,,lørdag 30/05 12:40,Park & Anlegg Arena 3,30056710,J8 (f 2018) Lørdag Plj B,
Oppsal IF Fotball 3,Gjelleråsen Grønn,,lørdag 30/05 13:00,Park & Anlegg Arena 8,30057212,J11 (f 2015) Lørdag Plj A,
Oppsal IF Fotball 5,Tønsberg FK,,lørdag 30/05 13:20,Park & Anlegg Arena 7,30057112,J11 (f 2015) Lørdag Plj E,
Oppsal IF Fotball 2,Trosvik IF 1,,lørdag 30/05 13:20,Park & Anlegg Arena 4,30056813,J8 (f 2018) Lørdag Plj B,
Oppsal IF Fotball 3,Lillehammer Fotballklubb 2,,lørdag 30/05 13:40,Østfold energi arena 28,30055514,J11 (f 2015) Lørdag Plj A,
Oppsal IF Fotball 2,Ski IL Fotball 2,,lørdag 30/05 14:00,Østfold energi arena 31,30057514,J8 (f 2018) Lørdag Plj B,
Våg FK 1,Oppsal IF Fotball 1,,lørdag 30/05 14:00,Park & Anlegg Arena 8,30057215,J11 (f 2015) Lørdag Plj D,
"Skiens Grane, IF 2",Oppsal IF Fotball 5,,lørdag 30/05 14:20,Østfold energi arena 28,30055516,J11 (f 2015) Lørdag Plj E,
Våg FK 3,Oppsal IF Fotball 3,,lørdag 30/05 14:20,Østfold energi arena 30,30055716,J11 (f 2015) Lørdag Plj A,
Oppsal IF Fotball 4,HSV Fotball Fanta,,lørdag 30/05 15:00,Østfold energi arena 30,30055718,J11 (f 2015) Lørdag Plj H,
Oppsal IF Fotball 2,Holmlia SK Dronningene 2,,lørdag 30/05 15:20,Østfold energi arena 27,30055419,J8 (f 2018) Lørdag Plj B,
Oppsal IF Fotball 1,Skogstrand IL,,lørdag 30/05 15:20,Park & Anlegg Arena 4,30056818,J11 (f 2015) Lørdag Plj D,
Oppsal IF Fotball 5,Solberg SK Minions,,lørdag 30/05 15:20,Østfold energi arena 29,30055619,J11 (f 2015) Lørdag Plj E,
Snøgg Fotball,Oppsal IF Fotball 3,,lørdag 30/05 15:40,Østfold energi arena 32,30057620,J11 (f 2015) Lørdag Plj A,
Flint Fotball HVIT,Oppsal IF Fotball 4,,lørdag 30/05 15:40,Park & Anlegg Arena 8,30057220,J11 (f 2015) Lørdag Plj H,
Oppsal IF Fotball 5,Lia IL 2,,lørdag 30/05 16:20,Østfold energi arena 26,30055322,J11 (f 2015) Lørdag Plj E,
Lillehammer Fotballklubb 1,Oppsal IF Fotball 1,,lørdag 30/05 16:20,Park & Anlegg Arena 6,30057022,J11 (f 2015) Lørdag Plj D,
IFK Strömstad,Oppsal IF Fotball 4,,lørdag 30/05 16:40,Park & Anlegg Arena 9,30057323,J11 (f 2015) Lørdag Plj H,
Gjelleråsen Rød,Oppsal IF Fotball 1,,lørdag 30/05 17:00,Park & Anlegg Arena 8,30057224,J11 (f 2015) Lørdag Plj D,
Oppsal IF Fotball 4,"Skiens Grane, IF 3",,lørdag 30/05 17:20,Park & Anlegg Arena 5,30056924,J11 (f 2015) Lørdag Plj H,
Oppsal IF Fotball 5,"Skade, IL",,søndag 31/05 09:20,Park & Anlegg Arena 5,31056901,J11 (f 2015) Søndag Plj B,
Oppsal IF Fotball 5,Askim Fotball Rød,,søndag 31/05 10:00,Park & Anlegg Arena 1,31056503,J11 (f 2015) Søndag Plj B,
Råde IL 1,Oppsal IF Fotball 5,,søndag 31/05 10:40,Østfold energi arena 32,31057605,J11 (f 2015) Søndag Plj B,
Kolbotn IL Grønn,Oppsal IF Fotball 5,,søndag 31/05 11:40,Park & Anlegg Arena 8,31057208,J11 (f 2015) Søndag Plj B,
Rolvsøy IF rød -antilag,Oppsal IF Fotball 3,,søndag 31/05 12:20,Østfold energi arena 29,31055610,J11 (f 2015) Søndag Plj I,
Oppsal IF Fotball 2,Sannidal IL,,søndag 31/05 12:40,Østfold energi arena 26,31055311,J11 (f 2015) Søndag Plj F,
"Skiens Grane, IF 2",Oppsal IF Fotball 3,,søndag 31/05 13:00,Park & Anlegg Arena 8,31057212,J11 (f 2015) Søndag Plj I,
Oppsal IF Fotball 4,"Skiens Grane, IF 1",,søndag 31/05 13:00,Park & Anlegg Arena 4,31056812,J11 (f 2015) Søndag Plj D,
Trøgstad/Båstad Fotballklubb,Oppsal IF Fotball 2,,søndag 31/05 13:20,Park & Anlegg Arena 8,31057213,J11 (f 2015) Søndag Plj F,
Lervik IF,Oppsal IF Fotball 4,,søndag 31/05 13:40,Park & Anlegg Arena 8,31057214,J11 (f 2015) Søndag Plj D,
Oppsal IF Fotball 3,Kolbotn IL Hvit,,søndag 31/05 14:00,Østfold energi arena 31,31057515,J11 (f 2015) Søndag Plj I,
Oppsal IF Fotball 2,Kolbotn IL Blå,,søndag 31/05 14:20,Østfold energi arena 26,31055316,J11 (f 2015) Søndag Plj F,
Råde IL 2,Oppsal IF Fotball 4,,søndag 31/05 14:40,Park & Anlegg Arena 1,31056517,J11 (f 2015) Søndag Plj D,
Rolvsøy IF 1,Oppsal IF Fotball 2,,søndag 31/05 15:00,Østfold energi arena 30,31055718,J11 (f 2015) Søndag Plj F,
Sportsklubben Rapid - Moss 2,Oppsal IF Fotball 1,,søndag 31/05 15:00,Park & Anlegg Arena 4,31056818,J11 (f 2015) Søndag Plj C,
Oppsal IF Fotball 4,Gjelleråsen Rød,,søndag 31/05 15:20,Østfold energi arena 28,31055519,J11 (f 2015) Søndag Plj D,
Oppsal IF Fotball 3,Rustad Abildsø Sportsklubb 1,,søndag 31/05 15:20,Østfold energi arena 31,31057519,J11 (f 2015) Søndag Plj I,
Oppsal IF Fotball 1,"Jutul, IL",,søndag 31/05 16:00,Park & Anlegg Arena 7,31057121,J11 (f 2015) Søndag Plj C,
Ås IL Fotball,Oppsal IF Fotball 1,,søndag 31/05 16:40,Østfold energi arena 26,31055323,J11 (f 2015) Søndag Plj C,
Oppsal IF Fotball 1,Askim Fotball Hvit,,søndag 31/05 17:40,Park & Anlegg Arena 6,31057026,J11 (f 2015) Søndag Plj C,
